,region,department,city,station,latitude,longitude
2,GRAND EST,MOSELLE,HAYANGE,Hayange,49.324722,6.076108
3,GRAND EST,MOSELLE,METZ,Metz-Centre,49.119442,6.180833
4,GRAND EST,MOSELLE,METZ,Metz-Borny,49.110283,6.223336
5,GRAND EST,MEURTHE-ET-MOSELLE,PONT-À-MOUSSON,Pont-à-Mousson,48.915,6.058336
6,GRAND EST,MEURTHE-ET-MOSELLE,BLÉNOD-LÈS-PONT-À-MOUSSON,Blénod-lès-PAM,48.884724,6.051392
7,GRAND EST,MEURTHE-ET-MOSELLE,ATTON,Atton,48.886387,6.093611
8,GRAND EST,MOSELLE,SCY-CHAZELLES,Scy-Chazelles,49.107502,6.122775
9,GRAND EST,MOSELLE,THIONVILLE,Thionville-Piscine,49.36861,6.160831
10,GRAND EST,MOSELLE,THIONVILLE,Thionville-Centre,49.358337,6.156942
11,GRAND EST,MOSELLE,THIONVILLE,Thionville-Garche,49.394444,6.201392
12,GRAND EST,MOSELLE,HAYANGE,HAYANGE-MARSPICH,49.3374,6.08207
13,GRAND EST,MOSELLE,MALROY,Malroy,49.16885,6.212669
14,GRAND EST,MOSELLE,FLORANGE,Florange_Bétange_HAP,49.3331,6.1147
15,GRAND EST,MOSELLE,SERÉMANGE-ERZANGE,Serémange-Erzange,49.321334,6.103931
16,GRAND EST,MOSELLE,METZ,Metz- Pont Grilles,49.12508,6.181219
17,GRAND EST,MEUSE,BELLEVILLE-SUR-MEUSE,Belleville sur Meuse,49.16778,5.387461
18,PROVENCE-ALPES-COTE D'AZUR,BOUCHES-DU-RHÔNE,BERRE-L'ÉTANG,Berre l'Etang,43.486234,5.171939
19,PROVENCE-ALPES-COTE D'AZUR,BOUCHES-DU-RHÔNE,MARTIGUES,Martigues P. Central,43.416661,5.042731
20,PROVENCE-ALPES-COTE D'AZUR,BOUCHES-DU-RHÔNE,MARTIGUES,Martigues Laurons,43.358982,5.023388
21,PROVENCE-ALPES-COTE D'AZUR,BOUCHES-DU-RHÔNE,MARTIGUES,Martigues La Gatasse,43.360692,5.058139
22,PROVENCE-ALPES-COTE D'AZUR,BOUCHES-DU-RHÔNE,PORT-DE-BOUC,Port de Bouc Leque,43.401952,4.981919
23,PROVENCE-ALPES-COTE D'AZUR,BOUCHES-DU-RHÔNE,PORT-SAINT-LOUIS-DU-RHÔNE,Port Saint Louis,43.39378,4.801024
24,PROVENCE-ALPES-COTE D'AZUR,BOUCHES-DU-RHÔNE,FOS-SUR-MER,Fos sur Mer,43.437858,4.945116
25,PROVENCE-ALPES-COTE D'AZUR,BOUCHES-DU-RHÔNE,ISTRES,Istres,43.506149,4.982898
26,PROVENCE-ALPES-COTE D'AZUR,BOUCHES-DU-RHÔNE,FOS-SUR-MER,Fos Les Carabins,43.458927,4.934572
27,PROVENCE-ALPES-COTE D'AZUR,BOUCHES-DU-RHÔNE,ROGNAC,Rognac les Brets,43.510802,5.220046
28,PROVENCE-ALPES-COTE D'AZUR,BOUCHES-DU-RHÔNE,SAUSSET-LES-PINS,Sausset les Pins,43.331245,5.117696
29,PROVENCE-ALPES-COTE D'AZUR,BOUCHES-DU-RHÔNE,ARLES,Arles,43.675114,4.62921
30,PROVENCE-ALPES-COTE D'AZUR,BOUCHES-DU-RHÔNE,MARTIGUES,Martigues Lavera,43.386564,5.026868
31,PROVENCE-ALPES-COTE D'AZUR,BOUCHES-DU-RHÔNE,CHÂTEAUNEUF-LES-MARTIGUES,Chateauneuf La Mede,43.399546,5.113214
32,PROVENCE-ALPES-COTE D'AZUR,BOUCHES-DU-RHÔNE,SALON-DE-PROVENCE,SALON,43.639002,5.101097
33,PROVENCE-ALPES-COTE D'AZUR,BOUCHES-DU-RHÔNE,MARIGNANE,Marignane,43.4165306,5.222281
34,PROVENCE-ALPES-COTE D'AZUR,BOUCHES-DU-RHÔNE,MARSEILLE 8E ARRONDISSEMENT,MARSEILLE RABATAU,43.276451,5.39736
35,PROVENCE-ALPES-COTE D'AZUR,BOUCHES-DU-RHÔNE,MARSEILLE 15E ARRONDISSEMENT,MARSEILLE ST LOUIS,43.348048,5.360119
36,PROVENCE-ALPES-COTE D'AZUR,BOUCHES-DU-RHÔNE,AIX-EN-PROVENCE,AIX ROY RENE,43.524075,5.448164
37,PROVENCE-ALPES-COTE D'AZUR,VAR,PLAN-D'AUPS-SAINTE-BAUME,PLAN AUPS/STE  BAUME,43.335201,5.727365
38,PROVENCE-ALPES-COTE D'AZUR,BOUCHES-DU-RHÔNE,AIX-EN-PROVENCE,AIX CENTRE ECOLE ART,43.530285,5.440912
39,PROVENCE-ALPES-COTE D'AZUR,BOUCHES-DU-RHÔNE,GARDANNE,GARDANNE,43.453584,5.466672
40,PROVENCE-ALPES-COTE D'AZUR,BOUCHES-DU-RHÔNE,AUBAGNE,AUBAGNE LES PASSONS,43.293138,5.574184
41,PROVENCE-ALPES-COTE D'AZUR,BOUCHES-DU-RHÔNE,LA PENNE-SUR-HUVEAUNE,VALLEE HUVEAUNE,43.283341,5.511384
42,PROVENCE-ALPES-COTE D'AZUR,BOUCHES-DU-RHÔNE,MARSEILLE 4E ARRONDISSEMENT,MARSEILLE 5 AVENUES,43.305287,5.394716
43,PROVENCE-ALPES-COTE D'AZUR,BOUCHES-DU-RHÔNE,AIX-EN-PROVENCE,AIX PLATANES,43.555777,5.461232
44,PROVENCE-ALPES-COTE D'AZUR,VAR,LA SEYNE-SUR-MER,LA SEYNE GENOUD,43.101565,5.875404
45,PROVENCE-ALPES-COTE D'AZUR,VAR,BRIGNOLES,BRIGNOLES,43.398731,6.075611
46,PROVENCE-ALPES-COTE D'AZUR,VAR,TOULON,TOULON FOCH,43.126821,5.921605
47,PROVENCE-ALPES-COTE D'AZUR,VAR,HYÈRES,HYERES,43.119737,6.131319
48,PROVENCE-ALPES-COTE D'AZUR,VAR,FRÉJUS,ESTEREL,43.437874,6.76839
49,PROVENCE-ALPES-COTE D'AZUR,VAR,TOULON,TOULON CLARET,43.131113,5.924184
50,PROVENCE-ALPES-COTE D'AZUR,VAUCLUSE,AVIGNON,AVIGNON   MAIRIE,43.949673,4.804341
51,PROVENCE-ALPES-COTE D'AZUR,VAUCLUSE,LE PONTET,LE PONTET,43.960144,4.856731
52,PROVENCE-ALPES-COTE D'AZUR,VAUCLUSE,APT,APT,43.88012,5.362038
53,PROVENCE-ALPES-COTE D'AZUR,VAUCLUSE,AVIGNON,Avignon Semard,43.93706,4.824909
54,PROVENCE-ALPES-COTE D'AZUR,VAUCLUSE,CARPENTRAS,CARPENTRAS,44.060347,5.067413
55,ILE-DE-FRANCE,HAUTS-DE-SEINE,GENNEVILLIERS,GENNEVILLIERS,48.92972,2.294722
56,ILE-DE-FRANCE,PARIS,PARIS 18E ARRONDISSEMENT,PARIS 18eme,48.891666,2.346667
57,ILE-DE-FRANCE,PARIS,PARIS 14E ARRONDISSEMENT,Place Victor Basch,48.827778,2.3275
58,ILE-DE-FRANCE,PARIS,PARIS 12E ARRONDISSEMENT,PARIS 12eme,48.837223,2.3939
59,ILE-DE-FRANCE,HAUTS-DE-SEINE,NEUILLY-SUR-SEINE,NEUILLY-SUR-SEINE,48.88139,2.278056
60,ILE-DE-FRANCE,SEINE-SAINT-DENIS,AUBERVILLIERS,AUBERVILLIERS,48.9039,2.3847
61,ILE-DE-FRANCE,VAL-D'OISE,CERGY,CERGY-PONTOISE,49.04639,2.043056
62,ILE-DE-FRANCE,VAL-D'OISE,GONESSE,GONESSE,48.99083,2.444722
63,ILE-DE-FRANCE,YVELINES,VERSAILLES,VERSAILLES,48.799168,2.130556
64,ILE-DE-FRANCE,PARIS,PARIS 8E ARRONDISSEMENT,Av Champs Elysees,48.86889,2.311944
65,ILE-DE-FRANCE,VAL-DE-MARNE,VITRY-SUR-SEINE,VITRY-SUR-SEINE,48.7758,2.3758
66,ILE-DE-FRANCE,PARIS,PARIS 13E ARRONDISSEMENT,PARIS 13eme,48.82861,2.360278
67,ILE-DE-FRANCE,YVELINES,SONCHAMP,Zone Rurale SO,48.581944,1.883333
68,ILE-DE-FRANCE,VAL-D'OISE,SAINT-MARTIN-DU-TERTRE,Zone Rurale Nord,49.100277,2.343889
69,ILE-DE-FRANCE,ESSONNE,LES ULIS,LES ULIS,48.679443,2.165556
70,ILE-DE-FRANCE,VAL-D'OISE,ARGENTEUIL,ARGENTEUIL,48.95139,2.223611
71,ILE-DE-FRANCE,PARIS,PARIS 1ER ARRONDISSEMENT,PARIS 1er Les Halles,48.86212,2.344616
72,ILE-DE-FRANCE,SEINE-SAINT-DENIS,SAINT-DENIS,Auto A1 -Saint-Denis,48.925278,2.356667
73,ILE-DE-FRANCE,SEINE-SAINT-DENIS,SAINT-DENIS,SAINT-DENIS,48.93722,2.361667
74,ILE-DE-FRANCE,PARIS,PARIS 7E ARRONDISSEMENT,PARIS 7eme,48.8572,2.2933
75,ILE-DE-FRANCE,YVELINES,MANTES-LA-JOLIE,MANTES-LA-JOLIE,48.9964,1.7033
76,ILE-DE-FRANCE,ESSONNE,BOIS-HERPIN,Zone rurale Sud,48.364166,2.236944
77,ILE-DE-FRANCE,SEINE-ET-MARNE,MELUN,MELUN,48.54139,2.661389
78,ILE-DE-FRANCE,PARIS,PARIS 6E ARRONDISSEMENT,Rue Bonaparte,48.856388,2.335278
79,ILE-DE-FRANCE,SEINE-ET-MARNE,LOGNES,LOGNES,48.84028,2.635278
80,ILE-DE-FRANCE,VAL-DE-MARNE,NOGENT-SUR-MARNE,NOGENT-SUR-MARNE,48.840557,2.484444
81,ILE-DE-FRANCE,SEINE-SAINT-DENIS,VILLEMOMBLE,VILLEMOMBLE,48.881947,2.507222
82,ILE-DE-FRANCE,VAL-DE-MARNE,CHAMPIGNY-SUR-MARNE,CHAMPIGNY-SUR-MARNE,48.816387,2.5175
83,ILE-DE-FRANCE,PARIS,PARIS 2E ARRONDISSEMENT,Place de l'Opéra,48.870274,2.3325
84,ILE-DE-FRANCE,SEINE-ET-MARNE,MELUN,RN6-MELUN,48.528057,2.653611
85,ILE-DE-FRANCE,SEINE-SAINT-DENIS,PANTIN,RN2-PANTIN,48.90222,2.390833
86,ILE-DE-FRANCE,PARIS,PARIS 9E ARRONDISSEMENT,Boulevard Haussmann,48.873333,2.330278
87,ILE-DE-FRANCE,PARIS,PARIS 12E ARRONDISSEMENT,Boulevard Soult,48.83796,2.408061
88,ILE-DE-FRANCE,PARIS,PARIS 4E ARRONDISSEMENT,Quai des Celestins,48.85278,2.360556
89,ILE-DE-FRANCE,SEINE-ET-MARNE,MONTGÉ-EN-GOËLE,Zone Rurale Nord-Est,49.028057,2.750278
90,ILE-DE-FRANCE,ESSONNE,MONTGERON,MONTGERON,48.7067,2.4572
91,ILE-DE-FRANCE,HAUTS-DE-SEINE,PUTEAUX,LA DEFENSE,48.891388,2.240556
92,ILE-DE-FRANCE,SEINE-SAINT-DENIS,BOBIGNY,BOBIGNY,48.902504,2.4525
93,ILE-DE-FRANCE,VAL-D'OISE,FRÉMAINVILLE,Zone Rurale NO,49.063087,1.866381
94,ILE-DE-FRANCE,SEINE-ET-MARNE,COULOMMIERS,RD934 Coulommiers,48.8059,3.084158
95,ILE-DE-FRANCE,PARIS,PARIS 15E ARRONDISSEMENT,PARIS Stade Lenglen,48.830387,2.269889
96,ILE-DE-FRANCE,ESSONNE,MONTLHÉRY,RN20 - MONTLHERY,48.64093,2.26872
97,ILE-DE-FRANCE,YVELINES,RAMBOUILLET,RAMBOUILLET,48.63373,1.830529
98,ILE-DE-FRANCE,SEINE-ET-MARNE,BAGNEAUX-SUR-LOING,BAGNEAUX-SUR-LOING,48.231475,2.70617777777777
99,ILE-DE-FRANCE,SEINE-ET-MARNE,POMMEUSE,POMMEUSE,48.8158806,2.99124722222222
100,ILE-DE-FRANCE,SEINE-SAINT-DENIS,TREMBLAY-EN-FRANCE,TREMBLAY-EN-FRANCE,48.95555,2.575278
101,ILE-DE-FRANCE,ESSONNE,ÉVRY-COURCOURONNES ,EVRY,48.62722,2.429167
102,ILE-DE-FRANCE,SEINE-ET-MARNE,BEAUTHEIL-SAINTS ,Zone Rurale Est,48.761665,3.058333
103,ILE-DE-FRANCE,SEINE-ET-MARNE,FONTAINEBLEAU,Zone Rurale SE,48.3547,2.6453
104,ILE-DE-FRANCE,PARIS,PARIS 12E ARRONDISSEMENT,Bld peripherique Est,48.838615,2.412781
105,ILE-DE-FRANCE,YVELINES,LIMAY,LIMAY,48.985523,1.754142
106,NORMANDIE,SEINE-MARITIME,SAINT-ROMAIN-DE-COLBOSC,St Romain de Colbosc,49.528927,0.358733
107,NORMANDIE,SEINE-MARITIME,LE HAVRE,Caucriauville,49.503906,0.175731
108,NORMANDIE,CALVADOS,HONFLEUR,Honfleur Sce Tech.,49.415108,0.2437
109,NORMANDIE,EURE,QUILLEBEUF-SUR-SEINE,Quillebeuf Phare,49.47372,0.526158
110,NORMANDIE,SEINE-MARITIME,TANCARVILLE,Tancarville Mairie,49.487682,0.451756
111,NORMANDIE,SEINE-MARITIME,HARFLEUR,Harfleur Ecole Coty,49.505,0.201694
112,NORMANDIE,SEINE-MARITIME,SAINTE-ADRESSE,Sainte Adresse,49.50386,0.084614
113,NORMANDIE,SEINE-MARITIME,LE HAVRE,Le Havre Ec. Herriot,49.48963,0.100703
114,NORMANDIE,SEINE-MARITIME,LE HAVRE,Le Havre Massillon,49.4983,0.142706
115,NORMANDIE,SEINE-MARITIME,ROGERVILLE,Rogerville Mairie,49.50362,0.266872
116,NORMANDIE,SEINE-MARITIME,LA CERLANGUE,La Cerlangue,49.504036,0.411594
117,NORMANDIE,CALVADOS,TOUQUES,Touques,49.348,0.109253
118,NORMANDIE,SEINE-MARITIME,GONFREVILLE-L'ORCHER,Gonfreville l Orcher,49.50273,0.232486
119,NORMANDIE,SEINE-MARITIME,PORT-JÉRÔME-SUR-SEINE,NDGravenchon Pasteur,49.493332,0.571853
120,NORMANDIE,SEINE-MARITIME,LILLEBONNE,Lillebonne,49.512146,0.539036
121,NORMANDIE,SEINE-MARITIME,NOTRE-DAME-DE-BLIQUETUIT,Maison Parc Brotonne,49.498295,0.758833
122,NORMANDIE,SEINE-MARITIME,FÉCAMP,Fécamp,49.75,0.4159
123,NORMANDIE,SEINE-MARITIME,LE HAVRE,Le Havre Lafaurie-montant,49.500187,0.110903
124,NORMANDIE,SEINE-MARITIME,LE HAVRE,Le Havre ville-haute,49.514686,0.100645
125,NORMANDIE,SEINE-MARITIME,GONFREVILLE-L'ORCHER,Gonfreville l Orcher Côte Blanche,49.4989,0.2296
126,NORMANDIE,SEINE-MARITIME,ROGERVILLE,Gonfreville Pissotière à Madame,49.4975,0.2531
127,NORMANDIE,EURE,QUILLEBEUF-SUR-SEINE,Quillebeuf sur Seine rue Féret,49.4675,0.531
128,NORMANDIE,SEINE-MARITIME,PORT-JÉRÔME-SUR-SEINE,Notre Dame de Gravenchon Prevert,49.4811,0.574611
129,HAUTS-DE-FRANCE,NORD,VALENCIENNES,Valenciennes Acacias,50.35853,3.50804
130,HAUTS-DE-FRANCE,NORD,DOUAI,Douai Theuriet,50.37822,3.06586
131,HAUTS-DE-FRANCE,NORD,VALENCIENNES,Valenciennes Wallon,50.36425,3.52273
132,HAUTS-DE-FRANCE,NORD,MAUBEUGE,Maubeuge Joyeuse,50.27936,3.97691
133,HAUTS-DE-FRANCE,NORD,DENAIN,Denain Villars,50.32276,3.39593
134,HAUTS-DE-FRANCE,NORD,CARTIGNIES,Cartignies,50.09225,3.85003
135,HAUTS-DE-FRANCE,NORD,SAINT-AMAND-LES-EAUX,Saint Amand,50.45647,3.42794
136,AUVERGNE-RHONE-ALPES,PUY-DE-DÔME,CLERMONT-FERRAND,Montferrand,45.79728,3.113833
137,AUVERGNE-RHONE-ALPES,PUY-DE-DÔME,CLERMONT-FERRAND,Jardin Lecoq,45.772167,3.0875
138,AUVERGNE-RHONE-ALPES,ALLIER,PARAY-LE-FRÉSIL,Paray le Fresil,46.652668,3.600667
139,AUVERGNE-RHONE-ALPES,PUY-DE-DÔME,LES ANCIZES-COMPS,Les Ancizes,45.929333,2.829806
140,AUVERGNE-RHONE-ALPES,CANTAL,RAGEADE,Rageade,45.10472,3.277361
141,AUVERGNE-RHONE-ALPES,PUY-DE-DÔME,CLERMONT-FERRAND,Clermont-Esplanade Gare,45.775696,3.09625
142,AUVERGNE-RHONE-ALPES,PUY-DE-DÔME,CHAMALIÈRES,Chamalières Europe,45.774728,3.062978
143,AUVERGNE-RHONE-ALPES,ALLIER,VILLENEUVE-SUR-ALLIER,Villeneuve sur Allier,46.659048,3.249247
144,AUVERGNE-RHONE-ALPES,PUY-DE-DÔME,CLERMONT-FERRAND,Beaulieu,45.769,3.155
145,AUVERGNE-RHONE-ALPES,CANTAL,AURILLAC,Aurillac-Lagarde,44.92008,2.441082
146,AUVERGNE-RHONE-ALPES,PUY-DE-DÔME,CLERMONT-FERRAND,Edouard Michelin,45.780434,3.111592
147,AUVERGNE-RHONE-ALPES,HAUTE-LOIRE,LE PUY-EN-VELAY,Le Puy-Causans,45.039001,3.887001
148,AUVERGNE-RHONE-ALPES,HAUTE-LOIRE,FAY-SUR-LIGNON,Pays du Mezenc,44.98377,4.226006
149,AUVERGNE-RHONE-ALPES,ALLIER,MOULINS,Moulins Centre,46.5619722,3.34063888888888
150,AUVERGNE-RHONE-ALPES,ALLIER,MONTLUÇON,Montluçon,46.340723,2.593945
151,AUVERGNE-RHONE-ALPES,ALLIER,VICHY,Vichy,46.130431,3.425694
152,AUVERGNE-RHONE-ALPES,PUY-DE-DÔME,ROYAT,Royat Périurbaine,45.764111,3.046111
153,AUVERGNE-RHONE-ALPES,PUY-DE-DÔME,RIOM,Riom Périurbaine,45.89674,3.122254
154,AUVERGNE-RHONE-ALPES,PUY-DE-DÔME,CLERMONT-FERRAND,Stade Leclanche,45.807487,3.111111
155,OCCITANIE,HÉRAULT,MONTPELLIER,Montpellier Chaptal,43.611302,3.86626
156,OCCITANIE,HÉRAULT,MONTPELLIER,Montpellier St Denis,43.6051,3.87464
157,OCCITANIE,HÉRAULT,MONTPELLIER,Montpellier Prés d'Arènes,43.5915,3.88681
158,OCCITANIE,HÉRAULT,LATTES,Montpellier Périurbaine Sud (Lattes),43.5705,3.9118
159,OCCITANIE,HÉRAULT,SAINT-GÉLY-DU-FESC,Montpellier St Gely,43.6926,3.80021
160,OCCITANIE,HÉRAULT,LUNEL-VIEL,Lunel Viel,43.6758,4.08838
161,OCCITANIE,HÉRAULT,AGDE,Agathois-piscénois,43.2875,3.50484
162,OCCITANIE,HÉRAULT,CORNEILHAN,Biterrois-Narbonnais,43.4068,3.18878
163,OCCITANIE,HÉRAULT,MONTPELLIER,Pompignane,43.6096,3.89878
164,OCCITANIE,GARD,SAZE,Gard Rhodanien2,43.9426,4.67958
165,OCCITANIE,GARD,SAINT-LAURENT-DES-ARBRES,GARNOR03,44.054475,4.697408
166,OCCITANIE,GARD,NÎMES,Nimes Gauzy,43.8344,4.3744
167,OCCITANIE,GARD,NÎMES,Nimes Planas,43.8299,4.36199
168,OCCITANIE,GARD,LA CALMETTE,Nimes La Calmette,43.9254,4.26581
169,OCCITANIE,PYRÉNÉES-ORIENTALES,SAINT-ESTÈVE,Perpignan St Esteve,42.7198,2.83988
170,OCCITANIE,PYRÉNÉES-ORIENTALES,PERPIGNAN,Perpignan Rigaud,42.6835,2.90351
171,OCCITANIE,PYRÉNÉES-ORIENTALES,PERPIGNAN,Perpignan Les Carmes,42.6955,2.90053
172,NOUVELLE-AQUITAINE,CHARENTE-MARITIME,LA ROCHELLE,place de VERDUN,46.162556,-1.153603
173,NOUVELLE-AQUITAINE,CHARENTE-MARITIME,AYTRÉ,Aytré,46.135155,-1.117042
174,NOUVELLE-AQUITAINE,VIENNE,POITIERS,Les Couronneries,46.586918,0.358583
175,NOUVELLE-AQUITAINE,CHARENTE,ANGOULÊME,Square Pablo Casals,45.647415,0.167167
176,NOUVELLE-AQUITAINE,CHARENTE,ANGOULÊME,ANGOULEME-GAMBETTA,45.65145,0.16236667
177,NOUVELLE-AQUITAINE,CHARENTE-MARITIME,LA ROCHELLE,La Pallice3 LR,46.16161,-1.211203
178,NOUVELLE-AQUITAINE,DEUX-SÈVRES,AIRVAULT ,AIRVAULT 2,46.824368,-0.135461
179,NOUVELLE-AQUITAINE,DEUX-SÈVRES,VILLIERS-EN-BOIS,Zoodyssée Chizé,46.143173,-0.396042
180,NOUVELLE-AQUITAINE,DEUX-SÈVRES,NIORT,Niort Venise,46.320016,-0.482888
181,NOUVELLE-AQUITAINE,DEUX-SÈVRES,AIRVAULT ,AIRVAULT 3,46.823803,-0.135608
182,NOUVELLE-AQUITAINE,DEUX-SÈVRES,NIORT,Niort Trafic 6,46.321976,-0.4664312
183,NOUVELLE-AQUITAINE,VIENNE,POITIERS,Poitiers-Le Nain,46.5909,0.3404
184,NOUVELLE-AQUITAINE,VIENNE,POITIERS,Poitiers Centre  Augouard,46.58389,0.345556
185,HAUTS-DE-FRANCE,NORD,DUNKERQUE,Malo-les-Bains,51.04858,2.42004
186,HAUTS-DE-FRANCE,NORD,DUNKERQUE,Mardyck,51.01943,2.25099
187,HAUTS-DE-FRANCE,PAS-DE-CALAIS,CALAIS,Calais Berthelot,50.94729,1.84308
188,HAUTS-DE-FRANCE,NORD,DUNKERQUE,St Pol mer - cheminots,51.032761,2.332358
189,HAUTS-DE-FRANCE,PAS-DE-CALAIS,SANGATTE,Sangatte,50.94989,1.76917
190,HAUTS-DE-FRANCE,PAS-DE-CALAIS,CALAIS,Calais Parmentier,50.9578,1.89008
191,HAUTS-DE-FRANCE,NORD,GRAVELINES,Gravelines PC/Drire,50.98106,2.14317
192,HAUTS-DE-FRANCE,NORD,CAPPELLE-LA-GRANDE,Cappelle la Grande,50.99594,2.36627
193,HAUTS-DE-FRANCE,PAS-DE-CALAIS,BOULOGNE-SUR-MER,Boulogne Diderot,50.717029,1.605913
194,HAUTS-DE-FRANCE,PAS-DE-CALAIS,OUTREAU,Outreau,50.69435,1.57657
195,HAUTS-DE-FRANCE,NORD,GRANDE-SYNTHE,Grande-synthe,51.02446,2.30215
196,HAUTS-DE-FRANCE,PAS-DE-CALAIS,SAINT-OMER,St Omer Ribot,50.74823,2.25978
197,HAUTS-DE-FRANCE,PAS-DE-CALAIS,CAMPAGNE-LÈS-BOULONNAIS,Campagne les B.,50.61048,1.99145
198,HAUTS-DE-FRANCE,NORD,LILLE,Lille Leeds,50.6407944,3.074772
199,HAUTS-DE-FRANCE,NORD,MARCQ-EN-BARŒUL,Marcq CTM,50.67003,3.07656
200,HAUTS-DE-FRANCE,NORD,LILLE,Lille Fives,50.62805,3.09031
201,HAUTS-DE-FRANCE,NORD,HALLUIN,Halluin stade,50.775482,3.12568
202,HAUTS-DE-FRANCE,NORD,ROUBAIX,Roubaix Serres,50.706535,3.18066
203,HAUTS-DE-FRANCE,NORD,WATTIGNIES,Wattignies,50.59774,3.04946
204,OCCITANIE,HAUTE-GARONNE,TOULOUSE,ECOLE M.JACQUIER,43.575694,1.418064
205,OCCITANIE,HAUTE-GARONNE,MIRAMONT-DE-COMMINGES,MIRAMONT,43.093611,0.743611
206,OCCITANIE,HAUTE-GARONNE,SAINT-GAUDENS,DAURAT ST GAUDENS,43.106156,0.71955
207,OCCITANIE,GERS,PEYRUSSE-VIEILLE,PEYRUSSE,43.6287,0.179069
208,OCCITANIE,HAUTE-GARONNE,TOULOUSE,Toulouse Mazades,43.623606,1.438531
209,OCCITANIE,TARN,ALBI,ALBI DELMAS,43.927769,2.145897
210,OCCITANIE,GERS,GAUDONVILLE,GAUDONVILLE,43.883933,0.845617
211,OCCITANIE,HAUTE-GARONNE,TOULOUSE,Toulouse Berthelot,43.587344,1.444003
212,OCCITANIE,HAUTE-GARONNE,BÉLESTA-EN-LAURAGAIS,BELESTA EN LAURAGAIS,43.44139,1.821944
213,OCCITANIE,HAUTE-GARONNE,TOULOUSE,EISENHOWER SETMI,43.561581,1.393261
214,OCCITANIE,HAUTE-GARONNE,TOULOUSE,CHAPITRE SETMI,43.556375,1.403964
215,OCCITANIE,HAUTE-GARONNE,MONTGISCARD,SICOVAL,43.457306,1.571469
216,OCCITANIE,HAUTES-PYRÉNÉES,LOURDES,LOURDES LAPACCA,43.096247,-0.040497
217,OCCITANIE,HAUTE-GARONNE,BLAGNAC,Toulouse aéroport côté trafic,43.633478,1.375717
218,OCCITANIE,HAUTE-GARONNE,BESSIÈRES,BESSIERES ECONOTRE,43.803139,1.595475
219,OCCITANIE,AVEYRON,VIVIEZ,VIVIEZ-Place du 8 Mai,44.560544,2.226169
220,OCCITANIE,HAUTES-PYRÉNÉES,TARBES,Tarbes lycée Dupuy,43.230297,0.062339
221,OCCITANIE,TARN,CASTRES,Stade Travet CASTRES,43.610497,2.23015
222,OCCITANIE,HAUTE-GARONNE,TOULOUSE,TRAFIC_TOULOUSE,43.643944,1.468244
223,OCCITANIE,HAUTE-GARONNE,TOULOUSE,Toulouse Port de l'Embouchure,43.610386,1.4152
224,OCCITANIE,AVEYRON,RODEZ,Rodez,44.35699225,2.57070422
225,GRAND EST,ARDENNES,LES MAZURES,REVIN,49.90778,4.63
226,GRAND EST,MARNE,BÉTHENY,BETHENY,49.28222,4.051111
227,GRAND EST,MARNE,REIMS,DOUMER,49.250732,4.023064
228,GRAND EST,MARNE,REIMS,Jean d Aulan,49.224167,4.020556
229,GRAND EST,MARNE,CHÂLONS-EN-CHAMPAGNE,CHALONS,48.962223,4.36
230,GRAND EST,MARNE,ÉPERNAY,Rempart Perrier,49.0461,3.955911
231,GRAND EST,MARNE,VITRY-LE-FRANÇOIS,Capitainerie,48.7266,4.594781
232,GRAND EST,AUBE,TROYES,LA TOUR,48.301666,4.076944
233,GRAND EST,AUBE,SAINT-PARRES-AUX-TERTRES,ST PARRES AUX TERTRE,48.299168,4.117222
234,GRAND EST,AUBE,SAINTE-SAVINE,STE SAVINE,48.295002,4.050278
235,GRAND EST,HAUTE-MARNE,SAINT-DIZIER,St DIZIER L. Michel,48.645836,4.966111
236,GRAND EST,HAUTE-MARNE,BOURBONNE-LES-BAINS,HAP Bourbonne,47.9542,5.7491
237,GRAND EST,ARDENNES,CHARLEVILLE-MÉZIÈRES,CHARLEVILLE,49.745277,4.719167
238,GRAND EST,MARNE,REIMS,Métaux BSN,49.233612,4.056939
239,AUVERGNE-RHONE-ALPES,ISÈRE,CHAMP-SUR-DRAC,Champ sur Drac,45.07954,5.728653
240,AUVERGNE-RHONE-ALPES,ISÈRE,VOIRON,Voiron Urbain,45.360176,5.589419
241,PROVENCE-ALPES-COTE D'AZUR,HAUTES-ALPES,LE MONÊTIER-LES-BAINS,Le Casset2,44.997,6.4694
242,AUVERGNE-RHONE-ALPES,ISÈRE,SAINT-MARTIN-D'HÈRES,St Martin d'Heres,45.1828,5.7531
243,AUVERGNE-RHONE-ALPES,ISÈRE,GRENOBLE,Grenoble Les Frenes,45.1619,5.7356
244,AUVERGNE-RHONE-ALPES,ISÈRE,VIF,Grenoble PeriurbSud,45.0578,5.6767
245,AUVERGNE-RHONE-ALPES,ISÈRE,GRENOBLE,Grenoble Boulevards,45.18069,5.720625
246,AUVERGNE-RHONE-ALPES,ISÈRE,CROLLES,Gresivaudan Periurb,45.2797,5.8822
247,AUVERGNE-RHONE-ALPES,ISÈRE,EYBENS,Rocade Sud Eybens,45.15467,5.74523
248,GRAND EST,BAS-RHIN,MUNCHHAUSEN,Nord-Est Alsace,48.919357,8.158458
249,GRAND EST,BAS-RHIN,STRASBOURG,STG Nord,48.610363,7.781631
250,GRAND EST,BAS-RHIN,LA PETITE-PIERRE,Vosges du Nord,48.85731,7.314175
251,GRAND EST,BAS-RHIN,STRASBOURG,STG Clemenceau,48.59043,7.744983
252,GRAND EST,BAS-RHIN,STRASBOURG,Strasbourg A35,48.575985,7.727478
253,GRAND EST,BAS-RHIN,GEISPOLSHEIM,Strasbourg Sud 2,48.5157,7.687819
254,GRAND EST,HAUT-RHIN,THANN,Thann,47.810932,7.105553
255,GRAND EST,HAUT-RHIN,COLMAR,Colmar Centre,48.074642,7.350667
256,GRAND EST,HAUT-RHIN,MULHOUSE,Mulhouse Nord,47.757435,7.347294
257,GRAND EST,HAUT-RHIN,CHALAMPÉ,Chalampé,47.820248,7.538683
258,GRAND EST,HAUT-RHIN,VILLAGE-NEUF,C.C.3 Frontières,47.594913,7.568175
259,GRAND EST,HAUT-RHIN,COLMAR,Colmar Sud,48.065414,7.333139
260,GRAND EST,HAUT-RHIN,BRUNSTATT-DIDENHEIM ,Mulhouse Est,47.723106,7.341603
261,GRAND EST,HAUT-RHIN,MULHOUSE,Mulhouse Sud 2,47.737415,7.309075
262,GRAND EST,HAUT-RHIN,VIEUX-THANN,Vieux Thann 3,47.80221,7.122844
263,GRAND EST,HAUT-RHIN,MULHOUSE,Mulhouse-Briand,47.747684,7.321364
264,GRAND EST,BAS-RHIN,GRANDFONTAINE,Vosges Moyennes 2,48.492992,7.1298
265,HAUTS-DE-FRANCE,OISE,NOGENT-SUR-OISE,Nogent sur Oise,49.276386,2.482167
266,HAUTS-DE-FRANCE,SOMME,SALOUËL,Salouel,49.86889,2.239806
267,HAUTS-DE-FRANCE,SOMME,ARREST,Arrest,50.129448,1.610833
268,HAUTS-DE-FRANCE,AISNE,SAINT-QUENTIN,P. Roth St Quentin,49.851334,3.284
269,HAUTS-DE-FRANCE,OISE,CREIL,Faiencerie Creil,49.259552,2.474397
270,HAUTS-DE-FRANCE,SOMME,ROYE,Roye,49.696697,2.801139
271,HAUTS-DE-FRANCE,SOMME,AMIENS,St Pierre Amiens,49.901667,2.304597
272,HAUTS-DE-FRANCE,OISE,CREIL,Creil République,49.260342,2.475004
273,HAUTS-DE-FRANCE,AISNE,NEUILLY-SAINT-FRONT,Neuilly-Saint-Front,49.174931,3.260819
274,HAUTS-DE-FRANCE,SOMME,AMIENS,TRAFIC AMIENS,49.87722,2.2825
275,HAUTS-DE-FRANCE,AISNE,SAINT-QUENTIN,TRAF Saint Quent 14,49.84282,3.281439
276,HAUTS-DE-FRANCE,OISE,BEAUVAIS,Trafic Beauvais 1,49.435932,2.084292
277,BRETAGNE,ILLE-ET-VILAINE,RENNES,Rennes Laennec,48.10861,-1.66586
278,BRETAGNE,ILLE-ET-VILAINE,RENNES,Rennes Les Halles,48.10751,-1.67984
279,BRETAGNE,ILLE-ET-VILAINE,RENNES,Rennes St-Yves,48.11078,-1.68293
280,BRETAGNE,FINISTÈRE,BREST,Brest Mace,48.38618,-4.4866
281,BRETAGNE,FINISTÈRE,BREST,Brest Desmoulins,48.39746,-4.48871
282,BRETAGNE,FINISTÈRE,PLOUZANÉ,BREST Plouzané,48.359444,-4.568055
283,BRETAGNE,ILLE-ET-VILAINE,RENNES,Rennes Pays-Bas,48.08965,-1.65911
284,BRETAGNE,ILLE-ET-VILAINE,MORDELLES,MORDELLES BELLAIS,48.082883,-1.834583
285,BRETAGNE,ILLE-ET-VILAINE,RENNES,Rennes Rue Saint Malo,48.12659,-1.68606
286,BRETAGNE,CÔTES D'ARMOR,MERLÉAC,Kergoff,48.261963,-2.943631
287,BRETAGNE,MORBILHAN,LORIENT,Lorient B. Bissonnet,47.7425,-3.39501
288,BRETAGNE,MORBILHAN,VANNES,Vannes UTA,47.64892,-2.76399
289,BRETAGNE,MORBILHAN,LORIENT,Lorient Normandie,47.758947,-3.36938
290,BRETAGNE,FINISTÈRE,QUIMPER,Quimper Pommiers,47.99612,-4.09972
291,BRETAGNE,FINISTÈRE,QUIMPER,Quimper Zola,47.986606,-4.097658
292,BRETAGNE,CÔTES D'ARMOR,SAINT-BRIEUC,Saint Brieuc Balzac,48.51351,-2.74953
293,BRETAGNE,ILLE-ET-VILAINE,SAINT-MALO,StMalo Rocabey,48.65306,-2.00268
294,AUVERGNE-RHONE-ALPES,RHÔNE,LA MULATIÈRE,A7 SUD LYONNAIS,45.720024,4.818156
295,AUVERGNE-RHONE-ALPES,RHÔNE,LYON 7E ARRONDISSEMENT,GERLAND,45.73529,4.829794
296,AUVERGNE-RHONE-ALPES,RHÔNE,VILLEURBANNE,GRANDCLEMENT,45.75836,4.886214
297,AUVERGNE-RHONE-ALPES,RHÔNE,FEYZIN,FEYZIN STADE,45.6639,4.8459
298,AUVERGNE-RHONE-ALPES,RHÔNE,SAINT-FONS,ST FONS CENTRE,45.7078,4.8644
299,AUVERGNE-RHONE-ALPES,RHÔNE,TERNAY,TERNAY,45.6019,4.8022
300,AUVERGNE-RHONE-ALPES,RHÔNE,VAULX-EN-VELIN,VAULX EN VELIN,45.7789,4.9247
301,AUVERGNE-RHONE-ALPES,AIN,MIRIBEL,COTIERE AIN,45.823223,4.953958
302,AUVERGNE-RHONE-ALPES,RHÔNE,PUSIGNAN,SAINT EXUPERY,45.7533,5.0722
303,AUVERGNE-RHONE-ALPES,RHÔNE,DIÈME,HAUT BEAUJOLAIS,45.96141,4.465711
304,AUVERGNE-RHONE-ALPES,RHÔNE,VÉNISSIEUX,VENISSIEUX Village,45.7036,4.8836
305,AUVERGNE-RHONE-ALPES,RHÔNE,LYON 3E ARRONDISSEMENT,LYON Centre,45.757732,4.854214
306,AUVERGNE-RHONE-ALPES,RHÔNE,VERNAISON,VERNAISON,45.650616,4.816911
307,AUVERGNE-RHONE-ALPES,RHÔNE,VILLEURBANNE,Lyon Périphérique,45.77482,4.898572
308,AUVERGNE-RHONE-ALPES,RHÔNE,LYON 7E ARRONDISSEMENT,LYON TRAFIC JAURES,45.7496944,4.84438888888888
309,AUVERGNE-RHONE-ALPES,RHÔNE,VILLEFRANCHE-SUR-SAÔNE,Villefranche Centre ,45.990112,4.715566
310,NORMANDIE,CALVADOS,CAEN,Caen Chemin-Vert,49.19222,-0.391111
311,NORMANDIE,CALVADOS,CAEN,Caen Vaucelles,49.175278,-0.353611
312,NORMANDIE,CALVADOS,OUISTREHAM,Ouistreham,49.289444,-0.257778
313,NORMANDIE,CALVADOS,IFS,IFS Caen sud,49.15167,-0.352778
314,NORMANDIE,CALVADOS,LISIEUX,Lisieux,49.147224,0.227222
315,NORMANDIE,ORNE,CERISÉ,Alençon Météo-France,48.445553,0.110833
316,NORMANDIE,MANCHE,CHERBOURG-EN-COTENTIN ,cherbourg doumer,49.63639,-1.626667
317,NORMANDIE,MANCHE,CHERBOURG-EN-COTENTIN ,Cherbourg port charb,49.64695,-1.59342
318,NORMANDIE,MANCHE,SAINT-LÔ,Saint-Lô Eglise,49.11639,-1.084722
319,NORMANDIE,ORNE,LA COULONCHE,La Coulonche MERA,48.645,-0.458333
320,NORMANDIE,CALVADOS,MOULT-CHICHEBOVILLE,Moult proximité,49.117196,-0.169666
321,GRAND EST,MOSELLE,CARLING,Ecole de Carling(9),49.165726,6.716886
322,GRAND EST,MOSELLE,L' HÔPITAL,L Hôpital - Mairie,49.158413,6.731664
323,GRAND EST,MOSELLE,SPICHEREN,Spicheren(14),49.19539,6.957444
324,GRAND EST,MOSELLE,SCHŒNECK,SCHOENECK (19),49.220364,6.925833
325,GRAND EST,MOSELLE,SARREGUEMINES,SARREGUEMINES,49.118343,7.083539
326,GRAND EST,MOSELLE,FORBACH,Station de FORBACH,49.18742,6.910867
327,PAYS DE LA LOIRE,LOIRE-ATLANTIQUE,DONGES,AMPERE,47.324097,-2.081567
328,PAYS DE LA LOIRE,LOIRE-ATLANTIQUE,DONGES,LA MEGRETAIS,47.322706,-2.039244
329,PAYS DE LA LOIRE,LOIRE-ATLANTIQUE,DONGES,PASTEUR,47.317284,-2.073306
330,PAYS DE LA LOIRE,LOIRE-ATLANTIQUE,FROSSAY,FROSSAY,47.24747,-1.936619
331,PAYS DE LA LOIRE,LOIRE-ATLANTIQUE,SAVENAY,SAVENAY,47.36075,-1.95475
332,PAYS DE LA LOIRE,LOIRE-ATLANTIQUE,SAINT-ÉTIENNE-DE-MONTLUC,S ETIENNE DE MONTLUC,47.28318,-1.783164
333,PAYS DE LA LOIRE,LOIRE-ATLANTIQUE,TRIGNAC,JULES VERNE,47.315727,-2.190764
334,PAYS DE LA LOIRE,MAINE-ET-LOIRE,CHOLET,SAINT EXUPERY,47.054443,-0.886111
335,PAYS DE LA LOIRE,LOIRE-ATLANTIQUE,NANTES,LA CHAUVINIERE,47.252777,-1.573333
336,PAYS DE LA LOIRE,LOIRE-ATLANTIQUE,SAINT-NAZAIRE,LEON BLUM,47.26412,-2.249858
337,PAYS DE LA LOIRE,MAINE-ET-LOIRE,ANGERS,BEAUX ARTS,47.468513,-0.556053
338,PAYS DE LA LOIRE,MAYENNE,LAVAL,MAZAGRAN,48.06943,-0.767692
339,PAYS DE LA LOIRE,VENDÉE,LA TARDIÈRE,LA TARDIERE,46.656685,-0.743681
340,PAYS DE LA LOIRE,LOIRE-ATLANTIQUE,NANTES,VICTOR HUGO,47.204356,-1.552914
341,PAYS DE LA LOIRE,LOIRE-ATLANTIQUE,PAIMBŒUF,CUTULLIC2,47.286114,-2.032289
342,PAYS DE LA LOIRE,MAINE-ET-LOIRE,ANGERS,APPENTIS,47.44739,-0.550067
343,PAYS DE LA LOIRE,VENDÉE,LA ROCHE-SUR-YON,DELACROIX,46.6607,-1.436831
344,PAYS DE LA LOIRE,LOIRE-ATLANTIQUE,MONTOIR-DE-BRETAGNE,BONNE FONTAINE,47.331524,-2.151625
345,PAYS DE LA LOIRE,LOIRE-ATLANTIQUE,BOUAYE,EPINETTES,47.146088,-1.690269
346,PAYS DE LA LOIRE,SARTHE,SPAY,Fillé,47.92192,0.151825
347,PAYS DE LA LOIRE,SARTHE,LE MANS,GUEDOU,47.98892,0.195983
348,PAYS DE LA LOIRE,MAINE-ET-LOIRE,BOUCHEMAINE,CLOS DES BEAUVAIS,47.430164,-0.610064
349,PAYS DE LA LOIRE,MAYENNE,SAINT-DENIS-D'ANJOU,SAINT-DENIS D'ANJOU,47.78773,-0.444044
350,PAYS DE LA LOIRE,LOIRE-ATLANTIQUE,DONGES,PARSCAU DU PLESSIS,47.319157,-2.066953
351,PAYS DE LA LOIRE,LOIRE-ATLANTIQUE,SAINT-NAZAIRE,PARC PAYSAGER,47.273056,-2.223056
352,PAYS DE LA LOIRE,SARTHE,LE MANS,SOURCES,47.971066,0.221422
353,PAYS DE LA LOIRE,LOIRE-ATLANTIQUE,NANTES,CIM BOUTEILLERIE,47.2225,-1.5375
354,PAYS DE LA LOIRE,LOIRE-ATLANTIQUE,PORNICHET,GASPARD,47.253056,-2.332067
355,PAYS DE LA LOIRE,LOIRE-ATLANTIQUE,REZÉ,LEVOYER,47.1941472,-1.581677778
356,PAYS DE LA LOIRE,LOIRE-ATLANTIQUE,BOUGUENAIS,LES COUETS,47.1859194,-1.59149722222222
357,PAYS DE LA LOIRE,LOIRE-ATLANTIQUE,MONTOIR-DE-BRETAGNE,CAME,47.3210778,-2.127322
358,PAYS DE LA LOIRE,LOIRE-ATLANTIQUE,NANTES,FRERES GONCOURT,47.204122,-1.564811
359,PROVENCE-ALPES-COTE D'AZUR,ALPES-MARITIMES,ANTIBES,ANTIBES JEAN MOULIN,43.598803,7.093153
360,PROVENCE-ALPES-COTE D'AZUR,ALPES-MARITIMES,CANNES,CANNES BROUSSAILLES,43.558389,7.005919
361,PROVENCE-ALPES-COTE D'AZUR,ALPES-MARITIMES,NICE,NICE OUEST BOTANIQUE,43.685188,7.211174
362,PROVENCE-ALPES-COTE D'AZUR,ALPES-MARITIMES,BEUIL,CIANS,44.094688,6.988978
363,PROVENCE-ALPES-COTE D'AZUR,ALPES-MARITIMES,GRASSE,GRASSE CLAVECIN,43.657767,6.920878
364,PROVENCE-ALPES-COTE D'AZUR,ALPES-DE-HAUTE-PROVENCE,MANOSQUE,MANOSQUE,43.835784,5.786131
365,PROVENCE-ALPES-COTE D'AZUR,ALPES-MARITIMES,PEILLON,PEILLON,43.786583,7.373283
366,PROVENCE-ALPES-COTE D'AZUR,ALPES-MARITIMES,CONTES,CONTES 2,43.788748,7.332382
367,PROVENCE-ALPES-COTE D'AZUR,HAUTES-ALPES,GAP,GAP COMMANDERIE,44.555193,6.073015
368,PROVENCE-ALPES-COTE D'AZUR,ALPES-MARITIMES,NICE,NICE PROMENADE,43.689291,7.242074
369,PROVENCE-ALPES-COTE D'AZUR,ALPES-MARITIMES,NICE,NICE ARSON,43.702075,7.286256
370,PROVENCE-ALPES-COTE D'AZUR,HAUTES-ALPES,GAP,GAP JEAN JAURES,44.548647,6.067237
371,PROVENCE-ALPES-COTE D'AZUR,ALPES-DE-HAUTE-PROVENCE,SAINT-MICHEL-L'OBSERVATOIRE,Obs Haute-Provence,43.933476,5.711809
372,PROVENCE-ALPES-COTE D'AZUR,ALPES-MARITIMES,COURSEGOULES,Cheiron,43.791911,7.048276
373,NORMANDIE,SEINE-MARITIME,GRAND-COURONNE,Gd Couronne Mairie,49.358215,1.007853
374,NORMANDIE,SEINE-MARITIME,ROUEN,Espace du Palais,49.442358,1.093789
375,NORMANDIE,EURE,ÉVREUX,Evreux Centre,49.02134,1.148319
376,NORMANDIE,SEINE-MARITIME,LE MESNIL-ESNARD,Mesnil Esnard,49.40619,1.15515
377,NORMANDIE,SEINE-MARITIME,SOTTEVILLE-LÈS-ROUEN,Centre Hospitalier,49.4005,1.099042
378,NORMANDIE,SEINE-MARITIME,SAINTE-MARGUERITE-SUR-MER,Phare d Ailly,49.916363,0.957178
379,NORMANDIE,EURE,VAL-DE-REUIL,Base loisirs Poses,49.30487,1.214367
380,NORMANDIE,SEINE-MARITIME,BURES-EN-BRAY,Bures-en-bray,49.78122,1.345083
381,NORMANDIE,SEINE-MARITIME,DIEPPE,Dieppe prox-auto,49.918007,1.073972
382,NORMANDIE,SEINE-MARITIME,ROUEN,Rouen Proxi Quai de Paris,49.436699,1.098838
383,NORMANDIE,SEINE-MARITIME,LE PETIT-QUEVILLY,Petit-Quevilly Sud 3,49.4341639,1.067052778
384,NORMANDIE,SEINE-MARITIME,DIEPPE,Dieppe Golf,49.920492,1.047892
385,NORMANDIE,SEINE-MARITIME,SAINT-SAËNS,Saint-Saens,49.6713,1.2843
386,BOURGOGNE-FRANCHE-COMTE,CÔTE-D'OR,DIJON,Dijon Péjoces,47.307368,5.065881
387,BOURGOGNE-FRANCHE-COMTE,CÔTE-D'OR,DAIX,Daix,47.3456,5.002377
388,BOURGOGNE-FRANCHE-COMTE,NIÈVRE,SAINT-BRISSON,Morvan,47.274762,4.099476
389,BOURGOGNE-FRANCHE-COMTE,CÔTE-D'OR,DIJON,Dijon Trémouille,47.325744,5.041056
390,BOURGOGNE-FRANCHE-COMTE,YONNE,SENS,Sens,48.200436,3.2773
391,BOURGOGNE-FRANCHE-COMTE,NIÈVRE,NEVERS,Nevers,46.996828,3.171092
392,BOURGOGNE-FRANCHE-COMTE,YONNE,AUXERRE,Auxerre,47.800575,3.576189
393,BOURGOGNE-FRANCHE-COMTE,CÔTE-D'OR,NUITS-SAINT-GEORGES,Nuits-Saint-Georges,47.137231,4.950573
394,BOURGOGNE-FRANCHE-COMTE,CÔTE-D'OR,DIJON,Dijon-Transvaal,47.315459,5.040202
395,BOURGOGNE-FRANCHE-COMTE,DOUBS,LE GRATTERIS,Le Gratteris,47.182173,6.139338
396,AUVERGNE-RHONE-ALPES,ISÈRE,ROUSSILLON,ROUSSILLON,45.36782,4.805147
397,AUVERGNE-RHONE-ALPES,ISÈRE,LES ROCHES-DE-CONDRIEU,ROCHES DE CONDRIEU,45.454517,4.766528
398,AUVERGNE-RHONE-ALPES,ISÈRE,SABLONS,Sablons,45.321845,4.770702
399,AUVERGNE-RHONE-ALPES,ISÈRE,BOURGOIN-JALLIEU,Bourgoin-Jallieu,45.60822,5.270872
400,AUVERGNE-RHONE-ALPES,ISÈRE,LIEUDIEU,Plateau de Bonnevaux,45.4609,5.181081
401,AUVERGNE-RHONE-ALPES,ISÈRE,SALAISE-SUR-SANNE,A7 Salaise Ouest,45.344078,4.807481
402,HAUTS-DE-FRANCE,PAS-DE-CALAIS,HARNES,Harnes Serres,50.44914,2.9
403,HAUTS-DE-FRANCE,PAS-DE-CALAIS,SAINT-LAURENT-BLANGY,St-Laurent-Blangy,50.30886,2.807369
404,HAUTS-DE-FRANCE,PAS-DE-CALAIS,BÉTHUNE,Bethune Stade,50.535385,2.635692
405,HAUTS-DE-FRANCE,PAS-DE-CALAIS,VERQUIGNEUL,Noeux-les-Mines,50.48972,2.66642
406,HAUTS-DE-FRANCE,PAS-DE-CALAIS,ISBERGUES,ISBERGUES,50.6257583,2.47322777777777
407,HAUTS-DE-FRANCE,PAS-DE-CALAIS,LENS,Lens Varsovie,50.428604,2.836111
408,AUVERGNE-RHONE-ALPES,LOIRE,ROANNE,ROANNE,46.04111,4.074656
409,AUVERGNE-RHONE-ALPES,LOIRE,SAINT-ÉTIENNE,SAINT ETIENNE SUD,45.42009,4.395422
410,AUVERGNE-RHONE-ALPES,LOIRE,SAINT-CHAMOND,SAINT-CHAMOND,45.475327,4.515003
411,AUVERGNE-RHONE-ALPES,LOIRE,RIVE-DE-GIER,RIVE DE GIER,45.533424,4.623939
412,AUVERGNE-RHONE-ALPES,LOIRE,LA TALAUDIÈRE,LA TALAUDIERE,45.481777,4.429667
413,AUVERGNE-RHONE-ALPES,LOIRE,SAINT-ÉTIENNE,ST ETIENNE BD URBAIN ,45.4479806,4.388763889
414,GRAND EST,MEURTHE-ET-MOSELLE,NANCY,Hotel Districal,48.685856,6.175111
415,GRAND EST,VOSGES,REMIREMONT,Remiremont,48.024605,6.585836
416,GRAND EST,VOSGES,ÉPINAL,Epinal,48.17278,6.452811
417,GRAND EST,MEUSE,BAR-LE-DUC,Bar Le Duc,48.77586,5.162789
418,GRAND EST,MEURTHE-ET-MOSELLE,FLÉVILLE-DEVANT-NANCY,Fléville,48.621502,6.194922
419,GRAND EST,MEURTHE-ET-MOSELLE,LUNÉVILLE,Luneville,48.584824,6.4839
420,GRAND EST,MEURTHE-ET-MOSELLE,FROLOIS,Frolois,48.565445,6.129578
421,GRAND EST,VOSGES,XONRUPT-LONGEMER,Schlucht,48.051117,7.011114
422,GRAND EST,VOSGES,VITTEL,Vittel,48.19361,5.937222
423,GRAND EST,MEURTHE-ET-MOSELLE,NEUVES-MAISONS,Neuves-Maisons,48.614914,6.107672
424,GRAND EST,MOSELLE,HÉMING,Heming,48.694725,6.965275
425,GRAND EST,MEUSE,JONVILLE-EN-WOËVRE,Jonville en Woevre,49.06583,5.785556
426,GRAND EST,MEURTHE-ET-MOSELLE,NANCY,Nancy-Charles III,48.68817,6.190431
427,GRAND EST,MEURTHE-ET-MOSELLE,NANCY,Nancy-Libération,48.69708,6.154194
428,GRAND EST,MEURTHE-ET-MOSELLE,VILLERS-LÈS-NANCY,Nancy-Brabois 2,48.656944,6.136022
429,NOUVELLE-AQUITAINE,GIRONDE,BORDEAUX,GRAND PARC,44.86139,-0.579444
430,NOUVELLE-AQUITAINE,GIRONDE,TALENCE,TALENCE,44.800556,-0.588056
431,NOUVELLE-AQUITAINE,GIRONDE,BORDEAUX,BORDEAUX-BASTIDE,44.849724,-0.543889
432,NOUVELLE-AQUITAINE,GIRONDE,MÉRIGNAC,MERIGNAC,44.84139,-0.65
433,NOUVELLE-AQUITAINE,GIRONDE,BASSENS,BASSENS,44.900276,-0.514722
434,NOUVELLE-AQUITAINE,GIRONDE,LE TEMPLE,LE TEMPLE,44.865555,-0.939444
435,NOUVELLE-AQUITAINE,GIRONDE,AMBÈS,AMBES,45.012223,-0.528333
436,NOUVELLE-AQUITAINE,PYRÉNÉES-ATLANTIQUES,BILLÈRE,BILLERE,43.310833,-0.391111
437,NOUVELLE-AQUITAINE,PYRÉNÉES-ATLANTIQUES,BAYONNE,SAINT-CROUTS,43.47972,-1.488056
438,NOUVELLE-AQUITAINE,PYRÉNÉES-ATLANTIQUES,ANGLET,ANGLET,43.494031,-1.528765
439,NOUVELLE-AQUITAINE,PYRÉNÉES-ATLANTIQUES,LACQ,LACQ,43.410557,-0.616944
440,NOUVELLE-AQUITAINE,PYRÉNÉES-ATLANTIQUES,LABASTIDE-CÉZÉRACQ,LABASTIDE CEZERACQ,43.376276,-0.538192
441,NOUVELLE-AQUITAINE,PYRÉNÉES-ATLANTIQUES,MONT,LAGOR,43.40972,-0.671667
442,NOUVELLE-AQUITAINE,PYRÉNÉES-ATLANTIQUES,MASLACQ,MASLACQ,43.434166,-0.691944
443,NOUVELLE-AQUITAINE,PYRÉNÉES-ATLANTIQUES,MOURENX,MOURENX,43.376945,-0.609444
444,NOUVELLE-AQUITAINE,LANDES,TARTAS,TARTAS Pelletrin,43.838333,-0.810833
445,NOUVELLE-AQUITAINE,DORDOGNE,PÉRIGUEUX,PERIGUEUX,45.18972,0.727222
446,NOUVELLE-AQUITAINE,LANDES,DAX,DAX,43.704723,-1.038611
447,NOUVELLE-AQUITAINE,PYRÉNÉES-ATLANTIQUES,PAU,PAU TOURASSE,43.31109,-0.352119
448,NOUVELLE-AQUITAINE,LOT-ET-GARONNE,MARMANDE,MARMANDE,44.508656,0.142503
449,NOUVELLE-AQUITAINE,LANDES,MONT-DE-MARSAN,MONT DE MARSAN,43.8961,-0.491403
450,NOUVELLE-AQUITAINE,PYRÉNÉES-ATLANTIQUES,BIARRITZ,Biarritz-hippodrome,43.47024,-1.553843
451,NOUVELLE-AQUITAINE,GIRONDE,BORDEAUX,Bordeaux_GAUTIER,44.83383,-0.59853
452,BOURGOGNE-FRANCHE-COMTE,SAÔNE-ET-LOIRE,CHALON-SUR-SAÔNE,Chalon Centre Ville,46.782311,4.847322
453,BOURGOGNE-FRANCHE-COMTE,SAÔNE-ET-LOIRE,CHAMPFORGEUIL,Champforgueil,46.821056,4.835083
454,BOURGOGNE-FRANCHE-COMTE,SAÔNE-ET-LOIRE,MONTCEAU-LES-MINES,Montceau-les-Mines 9me écluse,46.678785,4.366893
455,BOURGOGNE-FRANCHE-COMTE,SAÔNE-ET-LOIRE,MÂCON,Macon Paul Bert,46.316172,4.839994
456,BOURGOGNE-FRANCHE-COMTE,SAÔNE-ET-LOIRE,LE CREUSOT,Le Creusot Molette,46.802375,4.417486
457,AUVERGNE-RHONE-ALPES,SAVOIE,CHAMBÉRY,PASTEUR,45.56472,5.928333
458,AUVERGNE-RHONE-ALPES,SAVOIE,CHAMBÉRY,CHAMBERY LE HAUT,45.59667,5.918611
459,AUVERGNE-RHONE-ALPES,SAVOIE,CHAMBÉRY,Chambéry Trafic,45.56943,5.932986
460,AUVERGNE-RHONE-ALPES,SAVOIE,SAINT-JEAN-DE-MAURIENNE,SAINT JEAN,45.274723,6.349722
461,AUVERGNE-RHONE-ALPES,SAVOIE,SAINT-MICHEL-DE-MAURIENNE,Maurienne Trafic,45.209364,6.480326
462,AUVERGNE-RHONE-ALPES,HAUTE-SAVOIE,CHAMONIX-MONT-BLANC,CHAMONIX,45.9225,6.87
463,AUVERGNE-RHONE-ALPES,SAVOIE,ALBERTVILLE,Albertville,45.675,6.389722
464,AUVERGNE-RHONE-ALPES,SAVOIE,LÉCHÈRE ,La Léchère,45.53583,6.471111
465,AUVERGNE-RHONE-ALPES,HAUTE-SAVOIE,ANNECY ,LOVERCHY,45.89528,6.118333
466,AUVERGNE-RHONE-ALPES,HAUTE-SAVOIE,ANNECY ,NOVEL,45.916943,6.135556
467,AUVERGNE-RHONE-ALPES,HAUTE-SAVOIE,ANNECY ,ANNECY Rocade,45.9097,6.11825
468,AUVERGNE-RHONE-ALPES,HAUTE-SAVOIE,ANNEMASSE,ANNEMASSE,46.19583,6.240556
469,AUVERGNE-RHONE-ALPES,HAUTE-SAVOIE,GAILLARD,GAILLARD,46.19369,6.214858
470,AUVERGNE-RHONE-ALPES,HAUTE-SAVOIE,PASSY,PASSY,45.92361,6.713611
471,AUVERGNE-RHONE-ALPES,HAUTE-SAVOIE,CHAMONIX-MONT-BLANC,BOSSONS,45.907223,6.845833
472,AUVERGNE-RHONE-ALPES,HAUTE-SAVOIE,SAINT-GERMAIN-SUR-RHÔNE,St Germain/Rhône,46.072224,5.820833
473,AUVERGNE-RHONE-ALPES,AIN,BOURG-EN-BRESSE,Bourg-en-Bresse,46.211666,5.226389
474,CENTRE-VAL DE LOIRE,LOIRET,ORLÉANS,Gambetta,47.907083,1.901139
475,CENTRE-VAL DE LOIRE,LOIRET,SAINT-JEAN-DE-BRAYE,St Jean,47.917398,1.966258
476,CENTRE-VAL DE LOIRE,LOIRET,MARIGNY-LES-USAGES,Marigny-les-usages,47.958972,2.009278
477,CENTRE-VAL DE LOIRE,INDRE-ET-LOIRE,JOUÉ-LÈS-TOURS,Joué lès Tours,47.344139,0.653778
478,CENTRE-VAL DE LOIRE,INDRE-ET-LOIRE,TOURS,La Bruyère,47.419083,0.682944
479,CENTRE-VAL DE LOIRE,INDRE-ET-LOIRE,CHANCEAUX-SUR-CHOISILLE,Tours péri-urbaine,47.46925,0.717333
480,CENTRE-VAL DE LOIRE,INDRE-ET-LOIRE,TOURS,Pompidou,47.394639,0.704861
481,CENTRE-VAL DE LOIRE,LOIRET,ORLÉANS,La_Source-CNRS,47.83775,1.944667
482,CENTRE-VAL DE LOIRE,CHER,BOURGES,Bourges-Baffier,47.075044,2.407183
483,CENTRE-VAL DE LOIRE,CHER,BOURGES,Leblanc,47.082778,2.405333
484,CENTRE-VAL DE LOIRE,CHER,VERNEUIL,Verneuil,46.814694,2.610069
485,CENTRE-VAL DE LOIRE,EURE-ET-LOIR,CHARTRES,Fulbert,48.444417,1.510139
486,CENTRE-VAL DE LOIRE,EURE-ET-LOIR,OYSONVILLE,Oysonville,48.391139,1.955611
487,CENTRE-VAL DE LOIRE,EURE-ET-LOIR,DREUX,Dreux Centre,48.729694,1.358472
488,CENTRE-VAL DE LOIRE,EURE-ET-LOIR,SAINT-RÉMY-SUR-AVRE,Saint-Remy,48.760889,1.233639
489,CENTRE-VAL DE LOIRE,EURE-ET-LOIR,CHARTRES,Chartres_trafic,48.449158,1.492469
490,CENTRE-VAL DE LOIRE,INDRE,CHÂTEAUROUX,Chateauroux Sud,46.798278,1.693139
491,CENTRE-VAL DE LOIRE,INDRE,VILLENTROIS-FAVEROLLES-EN-BERRY,Faverolles,47.170167,1.409694
492,CENTRE-VAL DE LOIRE,INDRE,MONTIERCHAUME,Montierchaume,46.864528,1.771944
493,CENTRE-VAL DE LOIRE,INDRE,ISSOUDUN,Issoudun Trafic ZR,46.942941,2.003258
494,CENTRE-VAL DE LOIRE,LOIR-ET-CHER,BLOIS,Blois nord,47.594256,1.302667
495,CENTRE-VAL DE LOIRE,LOIR-ET-CHER,BLOIS,Blois_trafic,47.586544,1.326533
496,CENTRE-VAL DE LOIRE,LOIRET,MONTARGIS,Montargis_trafic,48.006936,2.740111
497,CENTRE-VAL DE LOIRE,LOIRET,MONTARGIS,Montargis Fond,47.996994,2.731511
498,CENTRE-VAL DE LOIRE,LOIRET,BAZOCHES-LES-GALLERANDES,Bazoches_CC,48.166056,2.044028
499,NOUVELLE-AQUITAINE,HAUTE-VIENNE,SAINT-JUNIEN,ST JUNIEN - Fontaine,45.89,0.9
500,NOUVELLE-AQUITAINE,CORRÈZE,BRIVE-LA-GAILLARDE,BRIVE - Dalton,45.158745,1.537222
501,NOUVELLE-AQUITAINE,CREUSE,GUÉRET,GUERET - Nicolas,46.17,1.87
502,NOUVELLE-AQUITAINE,CORRÈZE,TULLE,TULLE - Hugo,45.26,1.76
503,NOUVELLE-AQUITAINE,HAUTE-VIENNE,LE PALAIS-SUR-VIENNE,PALAIS S/ V.- Garros,45.869995,1.31
504,NOUVELLE-AQUITAINE,HAUTE-VIENNE,LIMOGES,LIMOGES - Aine,45.829953,1.254846
505,NOUVELLE-AQUITAINE,CREUSE,LA NOUAILLE,LA NOUAILLE - MERA,45.809998,2.06
506,NOUVELLE-AQUITAINE,HAUTE-VIENNE,SAILLAT-SUR-VIENNE,SAILLAT - Ipaper,45.875823,0.823957
507,NOUVELLE-AQUITAINE,HAUTE-VIENNE,LIMOGES,LIMOGES - BERLAND,45.84222,1.25967
508,AUVERGNE-RHONE-ALPES,DRÔME,PORTES-LÈS-VALENCE,Valence Périurb. Sud,44.870243,4.876289
509,AUVERGNE-RHONE-ALPES,DRÔME,VALENCE,Valence Urb. Centre,44.933514,4.893481
510,AUVERGNE-RHONE-ALPES,ARDÈCHE,SAINT-BAUZILE,Saint Bauzile CEC,44.675938,4.673586
511,AUVERGNE-RHONE-ALPES,DRÔME,ROMANS-SUR-ISÈRE,Romans-sur-Isère,45.0425,5.0443
512,AUVERGNE-RHONE-ALPES,DRÔME,SAINT-NAZAIRE-LE-DÉSERT,Drôme Rurale Sud-SND,44.569443,5.278972
513,AUVERGNE-RHONE-ALPES,DRÔME,BOURG-LÈS-VALENCE,A7 Valence Est,44.9492,4.890133
514,GUADELOUPE,GUADELOUPE,BAIE-MAHAULT,ST de Baie mahault,16.257308,-61.591725
515,GUADELOUPE,GUADELOUPE,POINTE-À-PITRE,PTP-VICTOIRE,16.23674,-61.534101
516,GUADELOUPE,GUADELOUPE,LES ABYMES,ST Vieux Bourg ABYMES,16.25066,-61.527794
517,GUADELOUPE,GUADELOUPE,BASSE-TERRE,BT_PICHON,15.994349,-61.727203
518,SAINT-MARTIN,SAINT-MARTIN,SAINT-MARTIN,SXM Marigot,18.070114,-63.081481
519,GUADELOUPE,GUADELOUPE,LES ABYMES,ABYMES RN1,16.254085,-61.53713
520,LA REUNION,LA RÉUNION,SAINT-DENIS,LYC. LISLET GEOFFROY,-20.889893,55.46884
521,LA REUNION,LA RÉUNION,SAINT-DENIS,MONTGAILLARD,-20.903294,55.468334
522,LA REUNION,LA RÉUNION,SAINT-DENIS,Ecole JOINVILLE,-20.884575,55.453906
523,LA REUNION,LA RÉUNION,SAINTE-SUZANNE,Ecole La Marine,-20.910585,55.618977
524,LA REUNION,LA RÉUNION,SAINT-PIERRE,Station Luther King,-21.334406,55.45906
525,LA REUNION,LA RÉUNION,SAINT-PIERRE,Ligne Paradis,-21.312895,55.474194
526,LA REUNION,LA RÉUNION,LE TAMPON,Station Bourg-Murat,-21.204815,55.58262
527,LA REUNION,LA RÉUNION,SAINT-JOSEPH,Grand Coude,-21.29433,55.62793
528,LA REUNION,LA RÉUNION,LE PORT,Centre Penitencier,-20.9498,55.313828
529,LA REUNION,LA RÉUNION,SAINT-PAUL,Plateau Caillou,-21.009739,55.272675
530,LA REUNION,LA RÉUNION,SAINT-PAUL,Grand Fond,-21.032139,55.232563
531,LA REUNION,LA RÉUNION,SAINT-PIERRE,BD BANKS,-21.331703,55.478949
532,LA REUNION,LA RÉUNION,SAINT-LEU,RDT SAINT-LEU,-21.213212,55.302844
533,LA REUNION,LA RÉUNION,LA POSSESSION,Terrain de Sel,-20.928686,55.332581
534,LA REUNION,LA RÉUNION,SAINT-LOUIS,Sarda Garriga,-21.277075,55.403065
535,MARTINIQUE,MARTINIQUE,FORT-DE-FRANCE,Etang Zabricot,14.603497,-61.041206
536,MARTINIQUE,MARTINIQUE,SCHŒLCHER,Ville de Schoelcher,14.616389,-61.100792
537,MARTINIQUE,MARTINIQUE,LE LAMENTIN,Lamentin,14.610653,-61.002586
538,MARTINIQUE,MARTINIQUE,FORT-DE-FRANCE,Concorde,14.613844,-61.063492
539,MARTINIQUE,MARTINIQUE,FORT-DE-FRANCE,Reneville,14.602253,-61.053642
540,MARTINIQUE,MARTINIQUE,SAINTE-LUCE,Sainte_Luce,14.468869,-60.927417
541,MARTINIQUE,MARTINIQUE,FORT-DE-FRANCE,Hôtel de ville,14.607444,-61.069778
542,MARTINIQUE,MARTINIQUE,LE ROBERT,Robert Bourg,14.678025,-60.939056
543,MARTINIQUE,MARTINIQUE,FORT-DE-FRANCE,Bellevue,14.601469,-61.085331
544,MARTINIQUE,MARTINIQUE,BELLEFONTAINE,Office du tourisme,14.671083,-61.163361
545,GUYANE,GUYANE,KOUROU,Brady,5.164248,-52.64649
546,GUYANE,GUYANE,MATOURY,Kalou,4.84816,-52.3238
547,GUYANE,GUYANE,CAYENNE,Caiena3,4.9378467,-52.32093
548,GUYANE,GUYANE,CAYENNE,Bouchon,4.920833,-52.321944
549,GUYANE,GUYANE,MACOURIA,Matiti,5.034602,-52.563795
550,CORSE,CORSE-DU-SUD,AJACCIO,AJACCIO CANETTO,41.924694,8.735694
551,CORSE,HAUTE-CORSE,BASTIA,BASTIA GIRAUD,42.697917,9.446417
552,CORSE,CORSE-DU-SUD,SARROLA-CARCOPINO,AJACCIO PIATANICCIA,41.958028,8.820278
553,CORSE,HAUTE-CORSE,LUCCIANA,BASTIA LA MARANA,42.535833,9.475972
554,CORSE,CORSE-DU-SUD,AJACCIO,AJACCIO SPOSATA,41.949222,8.757583
555,CORSE,HAUTE-CORSE,BASTIA,BASTIA MONTESORO,42.671333,9.434639
556,CORSE,HAUTE-CORSE,VENACO,VENACO,42.236028,9.190028
557,CORSE,CORSE-DU-SUD,AJACCIO,AJACCIO ABBATUCCI,41.92575,8.738278
558,CORSE,HAUTE-CORSE,BASTIA,BASTIA FANGO,42.702833,9.446389
559,GRAND EST,BAS-RHIN,STRASBOURG,Strasbourg Neudorf Ecoquartier Danube,48.572808,7.767833
560,GRAND EST,BAS-RHIN,HAGUENAU,Haguenau-Place marché aux bestiaux,48.818352,7.786409
561,GRAND EST,MOSELLE,HÉMING,Héming Rue des Ecoles,48.694513,6.965651
562,MAYOTTE,MAYOTTE,MAMOUDZOU,Kawéni Nord,-12.761174,45.226197
563,OCCITANIE,TARN-ET-GARONNE,MONTAUBAN,Montauban,44.01285657,1.37530522
564,OCCITANIE,PYRÉNÉES-ORIENTALES,PERPIGNAN,Perpignan bd Pyrénées,42.69587,2.888483
565,BOURGOGNE-FRANCHE-COMTE,DOUBS,BESANÇON,Besancon Mégevand,47.235973,6.023611
566,BOURGOGNE-FRANCHE-COMTE,DOUBS,MONTFAUCON,Montfaucon,47.23461,6.076472
567,BOURGOGNE-FRANCHE-COMTE,DOUBS,BESANÇON,Besancon Prevoyance,47.2474,6.015419
568,BOURGOGNE-FRANCHE-COMTE,DOUBS,MONTBÉLIARD,Montbéliard centre,47.510307,6.794
569,BOURGOGNE-FRANCHE-COMTE,DOUBS,DAMBENOIS,Dambenois Citoyen,47.538193,6.868361
570,BOURGOGNE-FRANCHE-COMTE,TERRITOIRE DE BELFORT,BELFORT,Belfort Octroi,47.640667,6.859278
571,BOURGOGNE-FRANCHE-COMTE,DOUBS,MONTANDON,Montandon Baresans,47.29464,6.825861
572,BOURGOGNE-FRANCHE-COMTE,JURA,DOLE,Dole centre,47.09672,5.496389
573,BOURGOGNE-FRANCHE-COMTE,JURA,TAVAUX,Tavaux,47.04261,5.400897
574,BOURGOGNE-FRANCHE-COMTE,JURA,DAMPARIS,Damparis,47.06564,5.415028
575,BOURGOGNE-FRANCHE-COMTE,JURA,CHÂTENOIS,Chatenois,47.14725,5.556117
576,BOURGOGNE-FRANCHE-COMTE,JURA,LONS-LE-SAUNIER,Lons-le-Saunier CV,46.671307,5.556806
577,BOURGOGNE-FRANCHE-COMTE,SAÔNE,VESOUL,Vesoul Pres Caillet,47.62,6.157611
578,BOURGOGNE-FRANCHE-COMTE,DOUBS,BAUME-LES-DAMES,Baume-les-Dames,47.351288,6.359722
